member_ID,fname,lname
795746,Rosario,Buck
880808,Derrick,Burke
224527,Irwin,Foster
674436,Jeffrey,Lancaster
492623,Booker,Potter
589874,Ignacio,Woods
476018,Leroy,Lopez
228339,Eliseo,Silva
239118,Hans,Freeman
125780,Luke,Sargent
431018,Eddie,Cline
452967,Grover,Randolph
407464,Frances,Wiley
871827,Prince,Hodge
884068,Lowell,Austin
131361,Terence,Jensen
259652,Johnathan,Burns
430932,Gail,Holcomb
637522,Alfred,Guerrero
467568,Robby,Ferrell
683539,Kurt,Blanchard
417301,Fletcher,Cervantes
682104,Reggie,Holloway
544977,Davis,Forbes
928962,Dee,Griffin
248088,Tyler,Slater
599683,Louis,Wynn
117980,Fletcher,Puckett
899405,Jackson,Knowles
935067,Garth,Sykes
521604,Chase,Best
848091,Kennith,Espinoza
999219,Alexander,Kinney
209627,Wilfredo,Jennings
642586,Lynn,Casey
651163,Shelton,Gordon
425289,Jerrod,Rosales
314444,Ernie,Bolton
956821,Will,Mays
711278,Joshua,Pena
125371,Edwin,Pace
906259,Carmen,Guerra
327429,Denny,Clark
272413,Emile,Jefferson
645306,Tim,Good
180869,Silas,Guerrero
222563,Jimmy,Bridges
541221,Joel,Christian
198476,Angelo,Hughes
664807,Dario,Bates
673745,Jules,Frank
812026,Abraham,Villarreal
999219,Terrell,Mcfadden
209627,Damien,Carney
642586,Jackson,Shannon
651163,Sydney,Albert
425289,Elvis,Langley
314444,Boyd,Cabrera
956821,Bradley,Chapman
711278,Nick,Olsen
125371,Jeremy,Stephenson
906259,Harlan,Caldwell
327429,Chase,Powers
272413,Lamar,Sheppard
645306,Tim,Duffy
180869,Thomas,Townsend
795746,Wilfredo,Koch
880808,Clarence,Shields
224527,Norman,Rose
674436,Reid,Bridges
492623,Billy,Matthews
589874,Jaime,Finley
476018,Alonzo,Paul
228339,Dalton,Briggs
239118,Johnie,Noel
125780,Morton,Wells
431018,Stephen,Burnett
452967,Edmond,Chen
407464,Rob,Barrett
664807,Harry,Kirby
673745,Melvin,Bryant
812026,Jess,Cain
999219,Erik,Pittman
209627,Jarvis,Williams
642586,Kris,Kramer
651163,Giovanni,Dotson
425289,Terence,Matthews
314444,Abraham,Foster
956821,Fredric,Hansen
711278,Sydney,Watts
125371,Everett,Mcintosh
906259,Van,Fulton
327429,Edwin,Henson
272413,Zachariah,Erickson
645306,Cyril,Coleman
180869,Darrell,Gonzales
795746,Jarvis,Foreman
880808,Hung,Ferguson
224527,Hal,Jennings
674436,Frederick,Fowler
492623,Alfonzo,Kane
589874,Jeff,Russo
476018,Miguel,Herman